{
    "wikitext_loss": 5.309511901627033,
    "wikitext_perplexity": 202.251485670942,
    "hellaswag_acc": 24.99502091216889,
    "piqa_acc": 54.18933623503809,
    "winogrande_acc": 49.4869771112865,
    "obqa_acc": 19.8,
    "avg_ece": 0.0705712657952941,
    "ttft_ms": 26.68166160583496,
    "tps": 31.666840064150527
}